{"lr_G": 0.0001, "bsize": 2, "cape-easy-chamfer": 0.7153897285461426, "cape-easy-p2s": 0.716763973236084, "cape-easy-NC": 0.048451486974954605, "cape-hard-chamfer": 0.7776156067848206, "cape-hard-p2s": 0.7901145815849304, "cape-hard-NC": 0.0506206639111042, "cape-all-chamfer": 0.7562283277511597, "cape-all-p2s": 0.7646022439002991, "cape-all-NC": 0.051261790096759796, "epoch": 0, "trainer/global_step": 0, "_timestamp": 1718070747.3827631, "_runtime": 727.6369700431824, "_step": 0, "_wandb": {"runtime": 725}}